filename,filepath,hdf5_group,method,C,run,code_family,selected_row_idx,final_distance,reeval_budget,reeval_completed_runs,reeval_failures,reeval_ler,reeval_ler_std,reeval_runtime_seconds,reeval_status,reeval_early_stopped,reeval_selection_policy,reeval_state_sha256,reeval_selected_flag,final_best_flag,search_runtime_seconds,stored_best_distance,stored_best_ler,stored_best_ler_std,target_distance,hit_target_distance
logical_guided_greedy_absolute_score_gamma01_slack1_C0_run1.hdf5,optimization/results/logical_guided_absolute_score_gamma01_slack1_repeated_runs/greedy/logical_guided_greedy_absolute_score_gamma01_slack1_C0_run1.hdf5,"/[625,25]/logical_guided_score_S50_T300_p0.03_bw1_gamma0.1_maxw18_comb10_weightslack1_window2_scoretop0.1_min3_max10_100000prec_20260613_133649",greedy,0,1,"[[625,25]]",1283,9,5000000,5000000,14720,0.002944,2.4229459139925886e-05,2252.8376722335815,complete,False,distance_then_ler,c093488ceecfafac35a0e0977c13b3bca0ca0acedd00331a7c6dda673ea6ec7f,True,True,485.95,9.0,0.00283,0.00016798866986178566,9,True
logical_guided_greedy_absolute_score_gamma01_slack1_C0_run2.hdf5,optimization/results/logical_guided_absolute_score_gamma01_slack1_repeated_runs/greedy/logical_guided_greedy_absolute_score_gamma01_slack1_C0_run2.hdf5,"/[625,25]/logical_guided_score_S50_T300_p0.03_bw1_gamma0.1_maxw18_comb10_weightslack1_window2_scoretop0.1_min3_max10_100000prec_20260613_134457",greedy,0,2,"[[625,25]]",1231,8,5000000,5000000,22041,0.0044082,2.9626908885382328e-05,1777.809826850891,complete,False,distance_then_ler,5b292e7a2222cfcfcb7863e12c14e6b0d9e248bf1a2bf72caeb9e63fac7fe81e,True,True,759.3,8.0,0.00421,0.00020475150361299503,9,False
logical_guided_greedy_absolute_score_gamma01_slack1_C0_run3.hdf5,optimization/results/logical_guided_absolute_score_gamma01_slack1_repeated_runs/greedy/logical_guided_greedy_absolute_score_gamma01_slack1_C0_run3.hdf5,"/[625,25]/logical_guided_score_S50_T300_p0.03_bw1_gamma0.1_maxw18_comb10_weightslack1_window2_scoretop0.1_min3_max10_100000prec_20260613_135738",greedy,0,3,"[[625,25]]",910,8,5000000,5000000,19964,0.0039928,2.8202334454905203e-05,1781.1018092632294,complete,False,distance_then_ler,faaca2c8275d584ae0f4b166b4a08fea132b9a18f12089653250b9ee5002ffb3,True,True,992.35,8.0,0.00402,0.0002000969674631874,9,False
logical_guided_greedy_absolute_score_gamma01_slack1_C0_run4.hdf5,optimization/results/logical_guided_absolute_score_gamma01_slack1_repeated_runs/greedy/logical_guided_greedy_absolute_score_gamma01_slack1_C0_run4.hdf5,"/[625,25]/logical_guided_score_S50_T300_p0.03_bw1_gamma0.1_maxw18_comb10_weightslack1_window2_scoretop0.1_min3_max10_100000prec_20260613_141412",greedy,0,4,"[[625,25]]",1375,9,5000000,5000000,17686,0.0035372,2.6550664477928926e-05,2072.274651288986,complete,False,distance_then_ler,4694607dbea60dd4393b89db0160ee3a7c4fa9a7c76850ff4440b61d742c2df6,True,True,789.82,9.0,0.00318,0.00017804267182877794,9,True
logical_guided_greedy_absolute_score_gamma01_slack1_C0_run5.hdf5,optimization/results/logical_guided_absolute_score_gamma01_slack1_repeated_runs/greedy/logical_guided_greedy_absolute_score_gamma01_slack1_C0_run5.hdf5,"/[625,25]/logical_guided_score_S50_T300_p0.03_bw1_gamma0.1_maxw18_comb10_weightslack1_window2_scoretop0.1_min3_max10_100000prec_20260613_142723",greedy,0,5,"[[625,25]]",475,8,5000000,5000000,20458,0.0040916,2.8547713128767165e-05,2257.460645675659,complete,False,distance_then_ler,f1605828155959e936e9895bfff121e29dc9be33dd23d091561a417ffe98de60,True,True,928.93,8.0,0.00349,0.0001864900715466318,9,False
logical_guided_greedy_absolute_score_gamma01_slack1_C0_run6.hdf5,optimization/results/logical_guided_absolute_score_gamma01_slack1_repeated_runs/greedy/logical_guided_greedy_absolute_score_gamma01_slack1_C0_run6.hdf5,"/[625,25]/logical_guided_score_S50_T300_p0.03_bw1_gamma0.1_maxw18_comb10_weightslack1_window2_scoretop0.1_min3_max10_100000prec_20260613_144254",greedy,0,6,"[[625,25]]",2011,9,5000000,5000000,18933,0.0037866,2.7467298428831634e-05,1587.3269863128662,complete,False,distance_then_ler,64cad758660137c3cd04c613c4474ea5d47bf7648918ca2c0e3d504f6f1756a5,True,True,1091.74,9.0,0.00343,0.00018488562093069396,9,True
logical_guided_greedy_absolute_score_gamma01_slack1_C0_run7.hdf5,optimization/results/logical_guided_absolute_score_gamma01_slack1_repeated_runs/greedy/logical_guided_greedy_absolute_score_gamma01_slack1_C0_run7.hdf5,"/[625,25]/logical_guided_score_S50_T300_p0.03_bw1_gamma0.1_maxw18_comb10_weightslack1_window2_scoretop0.1_min3_max10_100000prec_20260613_150107",greedy,0,7,"[[625,25]]",327,8,5000000,5000000,19258,0.0038516,2.7701140571439252e-05,1105.9617547988892,complete,False,distance_then_ler,2192c973511a531f14f913a3ae4f619a9c3bfc8dd80200d214da13370d7f1baf,True,True,922.33,8.0,0.00367,0.00019122153816128183,9,False
logical_guided_greedy_absolute_score_gamma01_slack1_C0_run8.hdf5,optimization/results/logical_guided_absolute_score_gamma01_slack1_repeated_runs/greedy/logical_guided_greedy_absolute_score_gamma01_slack1_C0_run8.hdf5,"/[625,25]/logical_guided_score_S50_T300_p0.03_bw1_gamma0.1_maxw18_comb10_weightslack1_window2_scoretop0.1_min3_max10_100000prec_20260613_151652",greedy,0,8,"[[625,25]]",435,9,5000000,5000000,15412,0.0030824,2.4790721751574256e-05,1321.1085572242737,complete,False,distance_then_ler,415fe22d8cdea0510c67ca11baf6b273e17ffbbef3a7e655d07d90a2176cf3ee,True,True,730.93,9.0,0.00276,0.0001659038855512203,9,True
logical_guided_greedy_absolute_score_gamma01_slack1_C0_run9.hdf5,optimization/results/logical_guided_absolute_score_gamma01_slack1_repeated_runs/greedy/logical_guided_greedy_absolute_score_gamma01_slack1_C0_run9.hdf5,"/[625,25]/logical_guided_score_S50_T300_p0.03_bw1_gamma0.1_maxw18_comb10_weightslack1_window2_scoretop0.1_min3_max10_100000prec_20260613_152905",greedy,0,9,"[[625,25]]",1009,8,5000000,5000000,17313,0.0034626,2.6270177355176793e-05,1481.6897230148315,complete,False,distance_then_ler,d779a4a8ebeb711821fda46a6be2384dcf408eae15d016a4ec061c4bd347f95a,True,True,977.87,8.0,0.00331,0.00018163361172340617,9,False
logical_guided_greedy_absolute_score_gamma01_slack1_C0_run10.hdf5,optimization/results/logical_guided_absolute_score_gamma01_slack1_repeated_runs/greedy/logical_guided_greedy_absolute_score_gamma01_slack1_C0_run10.hdf5,"/[625,25]/logical_guided_score_S50_T300_p0.03_bw1_gamma0.1_maxw18_comb10_weightslack1_window2_scoretop0.1_min3_max10_100000prec_20260615_151859",greedy,0,10,"[[625,25]]",895,8,5000000,5000000,18650,0.00373,2.7262016958462806e-05,1236.585078716278,complete,False,distance_then_ler,3cb07d55ffe3b691857655db154047eaf8940b430b646af256ee87e2a7ed8a38,True,True,669.11,8.0,0.00374,0.00019302978165289947,9,False
logical_guided_beam_absolute_score_gamma01_slack1_C0_run1.hdf5,optimization/results/logical_guided_absolute_score_gamma01_slack1_repeated_runs/beam/logical_guided_beam_absolute_score_gamma01_slack1_C0_run1.hdf5,"/[625,25]/logical_guided_score_S50_T300_p0.03_bw5_gamma0.1_maxw18_comb10_weightslack1_window2_scoretop0.1_min3_max10_100000prec_20260613_133912",beam,0,1,"[[625,25]]",1337,9,5000000,5000000,16498,0.0032996,2.5646494097956775e-05,1924.6812720298767,complete,False,distance_then_ler,a6638b0b8e4497ac470100d774505b2ec789d52f90dbb9cf0d54399692937661,True,True,3706.99,9.0,0.00302,0.00017351973112868433,9,True
logical_guided_beam_absolute_score_gamma01_slack1_C0_run2.hdf5,optimization/results/logical_guided_absolute_score_gamma01_slack1_repeated_runs/beam/logical_guided_beam_absolute_score_gamma01_slack1_C0_run2.hdf5,"/[625,25]/logical_guided_score_S50_T300_p0.03_bw5_gamma0.1_maxw18_comb10_weightslack1_window2_scoretop0.1_min3_max10_100000prec_20260613_144101",beam,0,2,"[[625,25]]",2459,9,5000000,5000000,19626,0.0039252,2.796352476680548e-05,2318.418798685074,complete,False,distance_then_ler,b80e94561eb81893bd106b25a11192c77e164a16519fdc7fc34ce66895d762ba,True,True,4123.58,9.0,0.00363,0.00019018042140537723,9,True
logical_guided_beam_absolute_score_gamma01_slack1_C0_run3.hdf5,optimization/results/logical_guided_absolute_score_gamma01_slack1_repeated_runs/beam/logical_guided_beam_absolute_score_gamma01_slack1_C0_run3.hdf5,"/[625,25]/logical_guided_score_S50_T300_p0.03_bw5_gamma0.1_maxw18_comb10_weightslack1_window2_scoretop0.1_min3_max10_100000prec_20260613_154946",beam,0,3,"[[625,25]]",1159,9,5000000,5000000,24643,0.0049286,3.131871607490312e-05,1845.4984550476074,complete,False,distance_then_ler,9e3d086d1a973808cda444d6a1ad60c1488d57422a205f113f7df522f0eb85a3,True,True,3377.89,9.0,0.00476,0.0002176554564879488,9,True
logical_guided_beam_absolute_score_gamma01_slack1_C0_run4.hdf5,optimization/results/logical_guided_absolute_score_gamma01_slack1_repeated_runs/beam/logical_guided_beam_absolute_score_gamma01_slack1_C0_run4.hdf5,"/[625,25]/logical_guided_score_S50_T300_p0.03_bw5_gamma0.1_maxw18_comb10_weightslack1_window2_scoretop0.1_min3_max10_100000prec_20260613_164606",beam,0,4,"[[625,25]]",7907,9,5000000,5000000,16952,0.0033904,2.599579144254382e-05,1699.1071774959564,complete,False,distance_then_ler,843859c64f9255782f87b8737534a55321c795aa0445025d2d4f35256599752b,True,True,2879.3,9.0,0.00318,0.00017804267182877794,9,True
logical_guided_beam_absolute_score_gamma01_slack1_C0_run5.hdf5,optimization/results/logical_guided_absolute_score_gamma01_slack1_repeated_runs/beam/logical_guided_beam_absolute_score_gamma01_slack1_C0_run5.hdf5,"/[625,25]/logical_guided_score_S50_T300_p0.03_bw5_gamma0.1_maxw18_comb10_weightslack1_window2_scoretop0.1_min3_max10_100000prec_20260613_173408",beam,0,5,"[[625,25]]",1146,9,5000000,5000000,16058,0.0032116,2.5303305182119008e-05,1846.1409091949463,complete,False,distance_then_ler,85fd63fed24ac573ca35efc683aa95de8e5ef71aa410611f9dbefafcd657c8c4,True,True,3040.15,9.0,0.00306,0.00017466158440450108,9,True
logical_guided_beam_absolute_score_gamma01_slack1_C0_run6.hdf5,optimization/results/logical_guided_absolute_score_gamma01_slack1_repeated_runs/beam/logical_guided_beam_absolute_score_gamma01_slack1_C0_run6.hdf5,"/[625,25]/logical_guided_score_S50_T300_p0.03_bw5_gamma0.1_maxw18_comb10_weightslack1_window2_scoretop0.1_min3_max10_100000prec_20260613_182450",beam,0,6,"[[625,25]]",1186,8,5000000,5000000,18919,0.0037838,2.745717979493423e-05,1679.4195947647095,complete,False,distance_then_ler,de22cf93411916b9d7021358e65d4f5b5ebc48284be2b978501384953ceb4385,True,True,2590.74,8.0,0.00357,0.0001886078119513274,9,False
logical_guided_beam_absolute_score_gamma01_slack1_C0_run7.hdf5,optimization/results/logical_guided_absolute_score_gamma01_slack1_repeated_runs/beam/logical_guided_beam_absolute_score_gamma01_slack1_C0_run7.hdf5,"/[625,25]/logical_guided_score_S50_T300_p0.03_bw5_gamma0.1_maxw18_comb10_weightslack1_window2_scoretop0.1_min3_max10_100000prec_20260613_190803",beam,0,7,"[[625,25]]",1564,9,5000000,5000000,20006,0.0040012,2.8231865668418867e-05,1241.7925951480865,complete,False,distance_then_ler,b59d33983a257f5b9a20f36e6c982375e1076ecb9bde9268bbabd5fbbb0b776b,True,True,2574.91,9.0,0.00356,0.00018834441519776304,9,True
logical_guided_beam_absolute_score_gamma01_slack1_C0_run8.hdf5,optimization/results/logical_guided_absolute_score_gamma01_slack1_repeated_runs/beam/logical_guided_beam_absolute_score_gamma01_slack1_C0_run8.hdf5,"/[625,25]/logical_guided_score_S50_T300_p0.03_bw5_gamma0.1_maxw18_comb10_weightslack1_window2_scoretop0.1_min3_max10_100000prec_20260613_195100",beam,0,8,"[[625,25]]",2719,9,5000000,5000000,16376,0.0032752,2.555180509417971e-05,1208.2354760169983,complete,False,distance_then_ler,342270eed69e76debff7c04f1cfaa1d963ce2a14691a0bf1959e57aa1404f1c9,True,True,2257.94,9.0,0.00334,0.00018245212217940594,9,True
logical_guided_beam_absolute_score_gamma01_slack1_C0_run9.hdf5,optimization/results/logical_guided_absolute_score_gamma01_slack1_repeated_runs/beam/logical_guided_beam_absolute_score_gamma01_slack1_C0_run9.hdf5,"/[625,25]/logical_guided_score_S50_T300_p0.03_bw5_gamma0.1_maxw18_comb10_weightslack1_window2_scoretop0.1_min3_max10_100000prec_20260613_202840",beam,0,9,"[[625,25]]",3304,9,5000000,5000000,21149,0.0042298,2.902381654552663e-05,1556.160394668579,complete,False,distance_then_ler,0c283e5378581909f438adc2caa5cc4027b0fae2c76738264600888df512aede,True,True,2626.22,9.0,0.00407,0.0002013324522961052,9,True
logical_guided_beam_absolute_score_gamma01_slack1_C0_run10.hdf5,optimization/results/logical_guided_absolute_score_gamma01_slack1_repeated_runs/beam/logical_guided_beam_absolute_score_gamma01_slack1_C0_run10.hdf5,"/[625,25]/logical_guided_score_S50_T300_p0.03_bw5_gamma0.1_maxw18_comb10_weightslack1_window2_scoretop0.1_min3_max10_100000prec_20260615_144044",beam,0,10,"[[625,25]]",1151,9,5000000,5000000,16845,0.003369,2.5913897856285926e-05,1386.9086079597473,complete,False,distance_then_ler,ad1c7924c3533ca0c64712d4a11182564a544d13c64d723696071a841653cdc8,True,True,2065.08,9.0,0.0032,0.00017859988516006885,9,True
logical_guided_greedy_absolute_score_gamma01_slack1_C1_run1.hdf5,optimization/results/logical_guided_absolute_score_gamma01_slack1_repeated_runs/greedy/logical_guided_greedy_absolute_score_gamma01_slack1_C1_run1.hdf5,"/[1225,49]/logical_guided_score_S50_T300_p0.03_bw1_gamma0.1_maxw18_comb10_weightslack1_window2_scoretop0.1_min3_max10_100000prec_20260613_133711",greedy,1,1,"[[1225,49]]",1236,10,5000000,5000000,10149,0.0020298,2.0127992036445482e-05,4706.2303676605225,complete,False,distance_then_ler,bda8f6325e897cd07ae8fc34e812cac3c3a389965e5cdce9ae088bcf65eb6ccd,True,True,703.48,10.0,0.00168,0.0001295065392921809,11,False
logical_guided_greedy_absolute_score_gamma01_slack1_C1_run2.hdf5,optimization/results/logical_guided_absolute_score_gamma01_slack1_repeated_runs/greedy/logical_guided_greedy_absolute_score_gamma01_slack1_C1_run2.hdf5,"/[1225,49]/logical_guided_score_S50_T300_p0.03_bw1_gamma0.1_maxw18_comb10_weightslack1_window2_scoretop0.1_min3_max10_100000prec_20260613_134857",greedy,1,2,"[[1225,49]]",842,11,5000000,5000000,9442,0.0018884,1.941563453718093e-05,6119.173572540283,complete,False,distance_then_ler,e00bcc31a3dacfbc14b6537263e6a74ece2f94ebb19e214f9dbd340ea6ffd60a,True,True,1049.88,11.0,0.00161,0.00012678422513229877,11,True
logical_guided_greedy_absolute_score_gamma01_slack1_C1_run3.hdf5,optimization/results/logical_guided_absolute_score_gamma01_slack1_repeated_runs/greedy/logical_guided_greedy_absolute_score_gamma01_slack1_C1_run3.hdf5,"/[1225,49]/logical_guided_score_S50_T300_p0.03_bw1_gamma0.1_maxw18_comb10_weightslack1_window2_scoretop0.1_min3_max10_100000prec_20260613_140640",greedy,1,3,"[[1225,49]]",682,10,5000000,5000000,9747,0.0019494,1.9726125969181304e-05,4144.83157491684,complete,False,distance_then_ler,3a9270d2c7d44ab722a62c76ebb488ea3e6fd97404734a904aae8a30e6f292cd,True,True,863.37,10.0,0.0017,0.00013027382589260637,11,False
logical_guided_greedy_absolute_score_gamma01_slack1_C1_run4.hdf5,optimization/results/logical_guided_absolute_score_gamma01_slack1_repeated_runs/greedy/logical_guided_greedy_absolute_score_gamma01_slack1_C1_run4.hdf5,"/[1225,49]/logical_guided_score_S50_T300_p0.03_bw1_gamma0.1_maxw18_comb10_weightslack1_window2_scoretop0.1_min3_max10_100000prec_20260613_142105",greedy,1,4,"[[1225,49]]",1348,10,5000000,5000000,9828,0.0019656,1.9807760140850663e-05,4793.577718734741,complete,False,distance_then_ler,783fcced78dfbb0cde34b2cd59252edd634e617215c9ec79a766e10309f8c55c,True,True,1167.18,10.0,0.00181,0.00013441510210611285,11,False
logical_guided_greedy_absolute_score_gamma01_slack1_C1_run5.hdf5,optimization/results/logical_guided_absolute_score_gamma01_slack1_repeated_runs/greedy/logical_guided_greedy_absolute_score_gamma01_slack1_C1_run5.hdf5,"/[1225,49]/logical_guided_score_S50_T300_p0.03_bw1_gamma0.1_maxw18_comb10_weightslack1_window2_scoretop0.1_min3_max10_100000prec_20260613_144046",greedy,1,5,"[[1225,49]]",734,10,5000000,5000000,10364,0.0020728,2.033963575809942e-05,3573.882582426071,complete,False,distance_then_ler,176ea3a3489f2d3557d5f4b00d9e0200c2b7cb7f04ec198ec94143fbff788141,True,True,1210.29,10.0,0.00184,0.00013552242494611964,11,False
logical_guided_greedy_absolute_score_gamma01_slack1_C1_run6.hdf5,optimization/results/logical_guided_absolute_score_gamma01_slack1_repeated_runs/greedy/logical_guided_greedy_absolute_score_gamma01_slack1_C1_run6.hdf5,"/[1225,49]/logical_guided_score_S50_T300_p0.03_bw1_gamma0.1_maxw18_comb10_weightslack1_window2_scoretop0.1_min3_max10_100000prec_20260613_150106",greedy,1,6,"[[1225,49]]",1013,11,5000000,5000000,8821,0.0017642,1.8767460939496263e-05,4570.3330950737,complete,False,distance_then_ler,0966b9c94ddbbe465aafdf1ce75b2603d4cc14b38850db07ce7e2affcdfd619b,True,True,1062.79,11.0,0.00186,0.00013625560412656998,11,True
logical_guided_greedy_absolute_score_gamma01_slack1_C1_run7.hdf5,optimization/results/logical_guided_absolute_score_gamma01_slack1_repeated_runs/greedy/logical_guided_greedy_absolute_score_gamma01_slack1_C1_run7.hdf5,"/[1225,49]/logical_guided_score_S50_T300_p0.03_bw1_gamma0.1_maxw18_comb10_weightslack1_window2_scoretop0.1_min3_max10_100000prec_20260613_151851",greedy,1,7,"[[1225,49]]",1194,10,5000000,5000000,9638,0.0019276,1.9615732170974136e-05,3992.6077177524567,complete,False,distance_then_ler,d052b41a45899d960fdfc79dbaa4b5c151e49eae3db05950cd885f7fde578c7e,True,True,857.63,10.0,0.00169,0.00012989075300450436,11,False
logical_guided_greedy_absolute_score_gamma01_slack1_C1_run8.hdf5,optimization/results/logical_guided_absolute_score_gamma01_slack1_repeated_runs/greedy/logical_guided_greedy_absolute_score_gamma01_slack1_C1_run8.hdf5,"/[1225,49]/logical_guided_score_S50_T300_p0.03_bw1_gamma0.1_maxw18_comb10_weightslack1_window2_scoretop0.1_min3_max10_100000prec_20260613_153310",greedy,1,8,"[[1225,49]]",1042,11,5000000,5000000,10131,0.0020262,2.0110171147849455e-05,4378.6071565151215,complete,False,distance_then_ler,7d06e37df8eca56b91358384cdf581c0b5f1860c0cb0c0110eeb75307c7da991,True,True,1194.03,11.0,0.00169,0.00012989075300450436,11,True
logical_guided_greedy_absolute_score_gamma01_slack1_C1_run9.hdf5,optimization/results/logical_guided_absolute_score_gamma01_slack1_repeated_runs/greedy/logical_guided_greedy_absolute_score_gamma01_slack1_C1_run9.hdf5,"/[1225,49]/logical_guided_score_S50_T300_p0.03_bw1_gamma0.1_maxw18_comb10_weightslack1_window2_scoretop0.1_min3_max10_100000prec_20260613_155306",greedy,1,9,"[[1225,49]]",1151,10,5000000,5000000,9742,0.0019484,1.972107566214797e-05,4566.732546329498,complete,False,distance_then_ler,dd6f50740c9f08e0ddf02fe721dd0356d50cbcb13cf071208b5fbe7a88789c11,True,True,1001.7,10.0,0.00169,0.00012989075300450436,11,False
logical_guided_greedy_absolute_score_gamma01_slack1_C1_run10.hdf5,optimization/results/logical_guided_absolute_score_gamma01_slack1_repeated_runs/greedy/logical_guided_greedy_absolute_score_gamma01_slack1_C1_run10.hdf5,"/[1225,49]/logical_guided_score_S50_T300_p0.03_bw1_gamma0.1_maxw18_comb10_weightslack1_window2_scoretop0.1_min3_max10_100000prec_20260615_151910",greedy,1,10,"[[1225,49]]",1073,10,5000000,5000000,9464,0.0018928,1.943819788974038e-05,3648.71569275856,complete,False,distance_then_ler,6d00cf2cfcba762ddd34db699e8587f5a25e82b79c04c229b2612f85cebfb444,True,True,822.8,10.0,0.00166,0.00012873464850652,11,False
logical_guided_beam_absolute_score_gamma01_slack1_C1_run1.hdf5,optimization/results/logical_guided_absolute_score_gamma01_slack1_repeated_runs/beam/logical_guided_beam_absolute_score_gamma01_slack1_C1_run1.hdf5,"/[1225,49]/logical_guided_score_S50_T300_p0.03_bw5_gamma0.1_maxw18_comb10_weightslack1_window2_scoretop0.1_min3_max10_100000prec_20260613_133920",beam,1,1,"[[1225,49]]",5985,11,5000000,5000000,8552,0.0017104,1.8479582643203687e-05,6392.018069267273,complete,False,distance_then_ler,fc3268c653da978c2ff557e63f4bd8f5b983db5448d64490ebc1c69f6d54c6a9,True,True,4583.71,11.0,0.00159,0.0001259955465434294,11,True
logical_guided_beam_absolute_score_gamma01_slack1_C1_run2.hdf5,optimization/results/logical_guided_absolute_score_gamma01_slack1_repeated_runs/beam/logical_guided_beam_absolute_score_gamma01_slack1_C1_run2.hdf5,"/[1225,49]/logical_guided_score_S50_T300_p0.03_bw5_gamma0.1_maxw18_comb10_weightslack1_window2_scoretop0.1_min3_max10_100000prec_20260613_145556",beam,1,2,"[[1225,49]]",3433,11,5000000,5000000,9408,0.0018816,1.9380711839620293e-05,4335.300576448441,complete,False,distance_then_ler,190875464d66a9bb6056661476909a429948e834cee7ec8537de1c7e61bb4249,True,True,4995.22,11.0,0.00184,0.00013552242494611964,11,True
logical_guided_beam_absolute_score_gamma01_slack1_C1_run3.hdf5,optimization/results/logical_guided_absolute_score_gamma01_slack1_repeated_runs/beam/logical_guided_beam_absolute_score_gamma01_slack1_C1_run3.hdf5,"/[1225,49]/logical_guided_score_S50_T300_p0.03_bw5_gamma0.1_maxw18_comb10_weightslack1_window2_scoretop0.1_min3_max10_100000prec_20260613_161914",beam,1,3,"[[1225,49]]",5499,10,5000000,5000000,10206,0.0020412,2.0184320201417642e-05,4167.626520872116,complete,False,distance_then_ler,7c5e5718a300dea19826f61aaeeecf66c9fb74712c609fc62908aaf08456b2aa,True,True,3264.34,10.0,0.00188,0.00013698482999382257,11,False
logical_guided_beam_absolute_score_gamma01_slack1_C1_run4.hdf5,optimization/results/logical_guided_absolute_score_gamma01_slack1_repeated_runs/beam/logical_guided_beam_absolute_score_gamma01_slack1_C1_run4.hdf5,"/[1225,49]/logical_guided_score_S50_T300_p0.03_bw5_gamma0.1_maxw18_comb10_weightslack1_window2_scoretop0.1_min3_max10_100000prec_20260613_171341",beam,1,4,"[[1225,49]]",4265,11,5000000,5000000,9136,0.0018272,1.9099014136506318e-05,4428.126636981964,complete,False,distance_then_ler,e70d5d17b19faa53e267f94a5e2e4dd7e4e6c0e020f3701fcecc42eae35f5def,True,True,3301.89,11.0,0.00161,0.00012678422513229877,11,True
logical_guided_beam_absolute_score_gamma01_slack1_C1_run5.hdf5,optimization/results/logical_guided_absolute_score_gamma01_slack1_repeated_runs/beam/logical_guided_beam_absolute_score_gamma01_slack1_C1_run5.hdf5,"/[1225,49]/logical_guided_score_S50_T300_p0.03_bw5_gamma0.1_maxw18_comb10_weightslack1_window2_scoretop0.1_min3_max10_100000prec_20260613_180917",beam,1,5,"[[1225,49]]",5543,10,5000000,5000000,8713,0.0017426,1.865241910934203e-05,3868.506030321121,complete,False,distance_then_ler,0bb982c7835ff8e53696dd1430657e283677d17e99292457a86d25afbc12cf44,True,True,2771.63,10.0,0.00161,0.00012678422513229877,11,False
logical_guided_beam_absolute_score_gamma01_slack1_C1_run6.hdf5,optimization/results/logical_guided_absolute_score_gamma01_slack1_repeated_runs/beam/logical_guided_beam_absolute_score_gamma01_slack1_C1_run6.hdf5,"/[1225,49]/logical_guided_score_S50_T300_p0.03_bw5_gamma0.1_maxw18_comb10_weightslack1_window2_scoretop0.1_min3_max10_100000prec_20260613_185532",beam,1,6,"[[1225,49]]",5540,10,5000000,5000000,10875,0.002175,2.0833961740648185e-05,4292.575526237488,complete,False,distance_then_ler,93bbddbffc370495b047baeadb731088025870c9273c48bd0e05c1488df66711,True,True,3076.11,10.0,0.00214,0.00014613150770513333,11,False
logical_guided_beam_absolute_score_gamma01_slack1_C1_run7.hdf5,optimization/results/logical_guided_absolute_score_gamma01_slack1_repeated_runs/beam/logical_guided_beam_absolute_score_gamma01_slack1_C1_run7.hdf5,"/[1225,49]/logical_guided_score_S50_T300_p0.03_bw5_gamma0.1_maxw18_comb10_weightslack1_window2_scoretop0.1_min3_max10_100000prec_20260613_194710",beam,1,7,"[[1225,49]]",3759,11,5000000,5000000,7979,0.0015958,1.7850791248629558e-05,3921.407580137253,complete,False,distance_then_ler,3531849fd05ddbcb50927982262b9715009d86fcf493570746de050c493d3391,True,True,2220.55,11.0,0.00148,0.0001215658002171574,11,True
logical_guided_beam_absolute_score_gamma01_slack1_C1_run8.hdf5,optimization/results/logical_guided_absolute_score_gamma01_slack1_repeated_runs/beam/logical_guided_beam_absolute_score_gamma01_slack1_C1_run8.hdf5,"/[1225,49]/logical_guided_score_S50_T300_p0.03_bw5_gamma0.1_maxw18_comb10_weightslack1_window2_scoretop0.1_min3_max10_100000prec_20260613_202413",beam,1,8,"[[1225,49]]",5548,11,5000000,5000000,7741,0.0015482,1.7582965540094064e-05,3696.338244199753,complete,False,distance_then_ler,a3c8bfb1137e172117a0eda36c74e99b4c37f472d37293f5e5fdb0d7cb992c18,True,True,2980.39,11.0,0.00161,0.00012678422513229877,11,True
logical_guided_beam_absolute_score_gamma01_slack1_C1_run9.hdf5,optimization/results/logical_guided_absolute_score_gamma01_slack1_repeated_runs/beam/logical_guided_beam_absolute_score_gamma01_slack1_C1_run9.hdf5,"/[1225,49]/logical_guided_score_S50_T300_p0.03_bw5_gamma0.1_maxw18_comb10_weightslack1_window2_scoretop0.1_min3_max10_100000prec_20260613_211355",beam,1,9,"[[1225,49]]",3079,11,5000000,5000000,8670,0.001734,1.8606416045002958e-05,3425.6998314857483,complete,False,distance_then_ler,1c73fa97dc2197ed1db77666f371a097bbd0cd2673002ccec05524132ca8e2e3,True,True,2966.41,11.0,0.00166,0.00012873464850652,11,True
logical_guided_beam_absolute_score_gamma01_slack1_C1_run10.hdf5,optimization/results/logical_guided_absolute_score_gamma01_slack1_repeated_runs/beam/logical_guided_beam_absolute_score_gamma01_slack1_C1_run10.hdf5,"/[1225,49]/logical_guided_score_S50_T300_p0.03_bw5_gamma0.1_maxw18_comb10_weightslack1_window2_scoretop0.1_min3_max10_100000prec_20260615_144035",beam,1,10,"[[1225,49]]",4688,11,5000000,5000000,8664,0.0017328,1.8599987903864615e-05,3553.2636380195618,complete,False,distance_then_ler,7077f20c41defae2ac68999ec6d9d3584eaff951d390dd1027021c9624b7524c,True,True,2324.09,11.0,0.0017,0.00013027382589260637,11,True
logical_guided_greedy_absolute_score_gamma01_slack1_C2_run1.hdf5,optimization/results/logical_guided_absolute_score_gamma01_slack1_repeated_runs/greedy/logical_guided_greedy_absolute_score_gamma01_slack1_C2_run1.hdf5,"/[1600,64]/logical_guided_score_S50_T300_p0.03_bw1_gamma0.1_maxw18_comb10_weightslack1_window2_scoretop0.1_min3_max10_100000prec_20260613_133758",greedy,2,1,"[[1600,64]]",659,12,5000000,5000000,7499,0.0014998,1.730636241080245e-05,7264.807415962219,complete,False,distance_then_ler,beb14ddc36a853bf4534e95daec7df1799bf33fb0c113f9f84e6fa7335f20a1f,True,True,881.63,12.0,0.00159,0.0001259955465434294,12,True
logical_guided_greedy_absolute_score_gamma01_slack1_C2_run2.hdf5,optimization/results/logical_guided_absolute_score_gamma01_slack1_repeated_runs/greedy/logical_guided_greedy_absolute_score_gamma01_slack1_C2_run2.hdf5,"/[1600,64]/logical_guided_score_S50_T300_p0.03_bw1_gamma0.1_maxw18_comb10_weightslack1_window2_scoretop0.1_min3_max10_100000prec_20260613_135241",greedy,2,2,"[[1600,64]]",424,12,5000000,5000000,6836,0.0013672,1.6524715048836436e-05,5232.461925506592,complete,False,distance_then_ler,2d8ca82e2885d5c90ff12e8ded5b1092913bda8fcfff70889e839d2f30eadfac,True,True,1070.5,12.0,0.00124,0.00011128678199803637,12,True
logical_guided_greedy_absolute_score_gamma01_slack1_C2_run3.hdf5,optimization/results/logical_guided_absolute_score_gamma01_slack1_repeated_runs/greedy/logical_guided_greedy_absolute_score_gamma01_slack1_C2_run3.hdf5,"/[1600,64]/logical_guided_score_S50_T300_p0.03_bw1_gamma0.1_maxw18_comb10_weightslack1_window2_scoretop0.1_min3_max10_100000prec_20260613_141033",greedy,2,3,"[[1600,64]]",760,12,5000000,5000000,7424,0.0014848,1.7219730924025107e-05,4899.303104400635,complete,False,distance_then_ler,a581efc5a243699d4d4ed2103e935b944e5dc60973c67313c7841e75c298fde2,True,True,967.05,12.0,0.00129,0.0001135054528860986,12,True
logical_guided_greedy_absolute_score_gamma01_slack1_C2_run4.hdf5,optimization/results/logical_guided_absolute_score_gamma01_slack1_repeated_runs/greedy/logical_guided_greedy_absolute_score_gamma01_slack1_C2_run4.hdf5,"/[1600,64]/logical_guided_score_S50_T300_p0.03_bw1_gamma0.1_maxw18_comb10_weightslack1_window2_scoretop0.1_min3_max10_100000prec_20260613_142652",greedy,2,4,"[[1600,64]]",648,12,5000000,5000000,7498,0.0014996,1.7305210194102234e-05,4836.226795434952,complete,False,distance_then_ler,bfb38e306d7afc0c892e324e039bd136d3921c4791d6394d2fc762cd3477763a,True,True,1211.93,12.0,0.00142,0.00011907971195706679,12,True
logical_guided_greedy_absolute_score_gamma01_slack1_C2_run5.hdf5,optimization/results/logical_guided_absolute_score_gamma01_slack1_repeated_runs/greedy/logical_guided_greedy_absolute_score_gamma01_slack1_C2_run5.hdf5,"/[1600,64]/logical_guided_score_S50_T300_p0.03_bw1_gamma0.1_maxw18_comb10_weightslack1_window2_scoretop0.1_min3_max10_100000prec_20260613_144706",greedy,2,5,"[[1600,64]]",548,12,5000000,5000000,7189,0.0014378,1.6945400663935943e-05,5042.463032245636,complete,False,distance_then_ler,21e44f3a15396526f65160ab4afac47e3f4d58381a74000d2c7ec44db7711345,True,True,1205.9,12.0,0.00128,0.00011306521939764842,12,True
logical_guided_greedy_absolute_score_gamma01_slack1_C2_run6.hdf5,optimization/results/logical_guided_absolute_score_gamma01_slack1_repeated_runs/greedy/logical_guided_greedy_absolute_score_gamma01_slack1_C2_run6.hdf5,"/[1600,64]/logical_guided_score_S50_T300_p0.03_bw1_gamma0.1_maxw18_comb10_weightslack1_window2_scoretop0.1_min3_max10_100000prec_20260613_150714",greedy,2,6,"[[1600,64]]",436,12,5000000,5000000,7229,0.0014458,1.699240978261759e-05,5200.798657178879,complete,False,distance_then_ler,02ab49c25669bb29f6c3a1c313e2015310d368775b9f620d2a9b12ac69103073,True,True,1096.25,12.0,0.00146,0.00012074282499717273,12,True
logical_guided_greedy_absolute_score_gamma01_slack1_C2_run7.hdf5,optimization/results/logical_guided_absolute_score_gamma01_slack1_repeated_runs/greedy/logical_guided_greedy_absolute_score_gamma01_slack1_C2_run7.hdf5,"/[1600,64]/logical_guided_score_S50_T300_p0.03_bw1_gamma0.1_maxw18_comb10_weightslack1_window2_scoretop0.1_min3_max10_100000prec_20260613_152531",greedy,2,7,"[[1600,64]]",677,12,5000000,5000000,6344,0.0012688,1.5919738691310734e-05,6326.606803894043,complete,False,distance_then_ler,01d569e770b57f9d8fd8bdd7d95fca3fcb22771c01fd1d2028ccbde0eb3261fe,True,True,988.27,12.0,0.0011,0.00010482370857825438,12,True
logical_guided_greedy_absolute_score_gamma01_slack1_C2_run8.hdf5,optimization/results/logical_guided_absolute_score_gamma01_slack1_repeated_runs/greedy/logical_guided_greedy_absolute_score_gamma01_slack1_C2_run8.hdf5,"/[1600,64]/logical_guided_score_S50_T300_p0.03_bw1_gamma0.1_maxw18_comb10_weightslack1_window2_scoretop0.1_min3_max10_100000prec_20260613_154213",greedy,2,8,"[[1600,64]]",533,12,5000000,5000000,6868,0.0013736,1.656329373876283e-05,5908.132081747055,complete,False,distance_then_ler,5168a89239de6a16d467fbee7d2ad87f27248e0e68a4ef35985cfb933be24a31,True,True,1415.03,12.0,0.00119,0.00010902274010305646,12,True
logical_guided_greedy_absolute_score_gamma01_slack1_C2_run9.hdf5,optimization/results/logical_guided_absolute_score_gamma01_slack1_repeated_runs/greedy/logical_guided_greedy_absolute_score_gamma01_slack1_C2_run9.hdf5,"/[1600,64]/logical_guided_score_S50_T300_p0.03_bw1_gamma0.1_maxw18_comb10_weightslack1_window2_scoretop0.1_min3_max10_100000prec_20260613_160550",greedy,2,9,"[[1600,64]]",900,12,5000000,5000000,6668,0.0013336,1.632067264180221e-05,5427.552576541901,complete,False,distance_then_ler,0eef8297e43c102cf68abe6c7084204d4aa8afa4d03ba4e59ec633df03922f0a,True,True,1236.7,12.0,0.00126,0.00011217954288772272,12,True
logical_guided_greedy_absolute_score_gamma01_slack1_C2_run10.hdf5,optimization/results/logical_guided_absolute_score_gamma01_slack1_repeated_runs/greedy/logical_guided_greedy_absolute_score_gamma01_slack1_C2_run10.hdf5,"/[1600,64]/logical_guided_score_S50_T300_p0.03_bw1_gamma0.1_maxw18_comb10_weightslack1_window2_scoretop0.1_min3_max10_100000prec_20260615_151916",greedy,2,10,"[[1600,64]]",644,12,5000000,5000000,6873,0.0013746,1.6569313500457097e-05,5773.914746522903,complete,False,distance_then_ler,0394e55a11cd7c48f5cced587eb832c95772bb10ce7c199af90b95aa355cae90,True,True,1037.9,12.0,0.00121,0.00010993397952770811,12,True
logical_guided_beam_absolute_score_gamma01_slack1_C2_run1.hdf5,optimization/results/logical_guided_absolute_score_gamma01_slack1_repeated_runs/beam/logical_guided_beam_absolute_score_gamma01_slack1_C2_run1.hdf5,"/[1600,64]/logical_guided_score_S50_T300_p0.03_bw5_gamma0.1_maxw18_comb10_weightslack1_window2_scoretop0.1_min3_max10_100000prec_20260613_133929",beam,2,1,"[[1600,64]]",1438,12,5000000,5000000,7113,0.0014226,1.6855720057922762e-05,8031.1584305763245,complete,False,distance_then_ler,d034c2827c8a1710dec54561350f60aecb67f9d851bbb58a0a8541bb6f2448b4,True,True,4586.9,12.0,0.00127,0.00011262325621281956,12,True
logical_guided_beam_absolute_score_gamma01_slack1_C2_run2.hdf5,optimization/results/logical_guided_absolute_score_gamma01_slack1_repeated_runs/beam/logical_guided_beam_absolute_score_gamma01_slack1_C2_run2.hdf5,"/[1600,64]/logical_guided_score_S50_T300_p0.03_bw5_gamma0.1_maxw18_comb10_weightslack1_window2_scoretop0.1_min3_max10_100000prec_20260613_145558",beam,2,2,"[[1600,64]]",1481,12,5000000,5000000,7752,0.0015504,1.7595434461469337e-05,7021.662444829941,complete,False,distance_then_ler,a1972f2a8bb42608d72506559282f561adbbac94407222d31143233138523cb9,True,True,4984.08,12.0,0.00141,0.00011866027053145472,12,True
logical_guided_beam_absolute_score_gamma01_slack1_C2_run3.hdf5,optimization/results/logical_guided_absolute_score_gamma01_slack1_repeated_runs/beam/logical_guided_beam_absolute_score_gamma01_slack1_C2_run3.hdf5,"/[1600,64]/logical_guided_score_S50_T300_p0.03_bw5_gamma0.1_maxw18_comb10_weightslack1_window2_scoretop0.1_min3_max10_100000prec_20260613_161912",beam,2,3,"[[1600,64]]",1878,12,5000000,5000000,6723,0.0013446,1.638775347262988e-05,6074.604152917862,complete,False,distance_then_ler,d9f9020ea7d83b1f7424fcd5a1f212e16b460f52dc92e1844cbc171af5f1821d,True,True,3245.95,12.0,0.00131,0.00011438081058332422,12,True
logical_guided_beam_absolute_score_gamma01_slack1_C2_run4.hdf5,optimization/results/logical_guided_absolute_score_gamma01_slack1_repeated_runs/beam/logical_guided_beam_absolute_score_gamma01_slack1_C2_run4.hdf5,"/[1600,64]/logical_guided_score_S50_T300_p0.03_bw5_gamma0.1_maxw18_comb10_weightslack1_window2_scoretop0.1_min3_max10_100000prec_20260613_171333",beam,2,4,"[[1600,64]]",2147,12,5000000,5000000,6684,0.0013368,1.6340215621359756e-05,5484.080621004105,complete,False,distance_then_ler,5e8efc8a41d2af4eb313ee7eae909836193259a8c71533ad476679a83eec6d59,True,True,3657.14,12.0,0.00121,0.00010993397952770811,12,True
logical_guided_beam_absolute_score_gamma01_slack1_C2_run5.hdf5,optimization/results/logical_guided_absolute_score_gamma01_slack1_repeated_runs/beam/logical_guided_beam_absolute_score_gamma01_slack1_C2_run5.hdf5,"/[1600,64]/logical_guided_score_S50_T300_p0.03_bw5_gamma0.1_maxw18_comb10_weightslack1_window2_scoretop0.1_min3_max10_100000prec_20260613_181432",beam,2,5,"[[1600,64]]",2065,12,5000000,5000000,7535,0.001507,1.7347790936864843e-05,7675.057972669601,complete,False,distance_then_ler,a830206797a37b6bd7f6275bf819e588dc07c45f16cc3249126398c67e48ae8e,True,True,2845.82,12.0,0.00125,0.00011173405857212229,12,True
logical_guided_beam_absolute_score_gamma01_slack1_C2_run6.hdf5,optimization/results/logical_guided_absolute_score_gamma01_slack1_repeated_runs/beam/logical_guided_beam_absolute_score_gamma01_slack1_C2_run6.hdf5,"/[1600,64]/logical_guided_score_S50_T300_p0.03_bw5_gamma0.1_maxw18_comb10_weightslack1_window2_scoretop0.1_min3_max10_100000prec_20260613_190200",beam,2,6,"[[1600,64]]",2309,12,5000000,5000000,7107,0.0014214,1.6848619563133245e-05,5804.255066871643,complete,False,distance_then_ler,4405f185ff874c78ac6c4cca2aa3ab713237ea94055cdef28977e0193dbb2602,True,True,2815.25,12.0,0.00122,0.00011038676484243264,12,True
logical_guided_beam_absolute_score_gamma01_slack1_C2_run7.hdf5,optimization/results/logical_guided_absolute_score_gamma01_slack1_repeated_runs/beam/logical_guided_beam_absolute_score_gamma01_slack1_C2_run7.hdf5,"/[1600,64]/logical_guided_score_S50_T300_p0.03_bw5_gamma0.1_maxw18_comb10_weightslack1_window2_scoretop0.1_min3_max10_100000prec_20260613_194857",beam,2,7,"[[1600,64]]",2099,12,5000000,5000000,6814,0.0013628,1.6498139582077793e-05,5634.143611907959,complete,False,distance_then_ler,9b30ac2b4c7dc112bf0f8cf6240731eaa89cbcc826daf0e5b2c627e0cf98b95d,True,True,2945.93,12.0,0.00125,0.00011173405857212229,12,True
logical_guided_beam_absolute_score_gamma01_slack1_C2_run8.hdf5,optimization/results/logical_guided_absolute_score_gamma01_slack1_repeated_runs/beam/logical_guided_beam_absolute_score_gamma01_slack1_C2_run8.hdf5,"/[1600,64]/logical_guided_score_S50_T300_p0.03_bw5_gamma0.1_maxw18_comb10_weightslack1_window2_scoretop0.1_min3_max10_100000prec_20260613_203816",beam,2,8,"[[1600,64]]",1989,12,5000000,5000000,6404,0.0012808,1.5994747932943247e-05,6104.094605207443,complete,False,distance_then_ler,ebe6786c6b7c33f8cf01c66b321548471414f6ebc090be610b9d54106817954a,True,True,2977.01,12.0,0.00123,0.00011083769146792304,12,True
logical_guided_beam_absolute_score_gamma01_slack1_C2_run9.hdf5,optimization/results/logical_guided_absolute_score_gamma01_slack1_repeated_runs/beam/logical_guided_beam_absolute_score_gamma01_slack1_C2_run9.hdf5,"/[1600,64]/logical_guided_score_S50_T300_p0.03_bw5_gamma0.1_maxw18_comb10_weightslack1_window2_scoretop0.1_min3_max10_100000prec_20260613_212755",beam,2,9,"[[1600,64]]",1780,12,5000000,5000000,7241,0.0014482,1.7006487032780173e-05,5732.577355623245,complete,False,distance_then_ler,60cb97486cfa50e6e1239a8070bfe706e582ecc85879c6fe60a9cdf3be8e5c8d,True,True,2955.46,12.0,0.00136,0.00011654029267338469,12,True
logical_guided_beam_absolute_score_gamma01_slack1_C2_run10.hdf5,optimization/results/logical_guided_absolute_score_gamma01_slack1_repeated_runs/beam/logical_guided_beam_absolute_score_gamma01_slack1_C2_run10.hdf5,"/[1600,64]/logical_guided_score_S50_T300_p0.03_bw5_gamma0.1_maxw18_comb10_weightslack1_window2_scoretop0.1_min3_max10_100000prec_20260615_144022",beam,2,10,"[[1600,64]]",1436,12,5000000,5000000,5928,0.0011856,1.5389571725547907e-05,5027.80810046196,complete,False,distance_then_ler,91ff046254318ca762a937697c6112d85819fe37bc5c9603e9df9f0eb94afa5f,True,True,2763.66,12.0,0.00113,0.00010624191203775813,12,True
logical_guided_greedy_absolute_score_gamma01_slack1_C3_run1.hdf5,optimization/results/logical_guided_absolute_score_gamma01_slack1_repeated_runs/greedy/logical_guided_greedy_absolute_score_gamma01_slack1_C3_run1.hdf5,"/[2025,81]/logical_guided_score_S50_T300_p0.03_bw1_gamma0.1_maxw18_comb10_weightslack1_window2_scoretop0.1_min3_max10_100000prec_20260613_133809",greedy,3,1,"[[2025,81]]",882,12,5000000,5000000,4387,0.0008774,1.324107506636881e-05,8796.192270994186,complete,False,distance_then_ler,e10024599f488d6957fe07544d746c97a8e6bbf8bdba56637c167667c7ee816c,True,True,1778.1,12.0,0.00075,8.657049118781437e-05,12,True
logical_guided_greedy_absolute_score_gamma01_slack1_C3_run2.hdf5,optimization/results/logical_guided_absolute_score_gamma01_slack1_repeated_runs/greedy/logical_guided_greedy_absolute_score_gamma01_slack1_C3_run2.hdf5,"/[2025,81]/logical_guided_score_S50_T300_p0.03_bw1_gamma0.1_maxw18_comb10_weightslack1_window2_scoretop0.1_min3_max10_100000prec_20260613_140801",greedy,3,2,"[[2025,81]]",522,12,5000000,5000000,4538,0.0009076,1.3466821774979341e-05,7829.037816286087,complete,False,distance_then_ler,ce607c736c135775a989c9e5efcbd92f863998156aad7a959bffeb7c3999c94d,True,True,1602.71,12.0,0.00065,8.059677387091609e-05,12,True
logical_guided_greedy_absolute_score_gamma01_slack1_C3_run3.hdf5,optimization/results/logical_guided_absolute_score_gamma01_slack1_repeated_runs/greedy/logical_guided_greedy_absolute_score_gamma01_slack1_C3_run3.hdf5,"/[2025,81]/logical_guided_score_S50_T300_p0.03_bw1_gamma0.1_maxw18_comb10_weightslack1_window2_scoretop0.1_min3_max10_100000prec_20260613_143446",greedy,3,3,"[[2025,81]]",840,12,5000000,5000000,4589,0.0009178,1.3542214195260428e-05,5564.02530002594,complete,False,distance_then_ler,6fe93206008977c65c3f1ac4e45afcbf9a48d985a769e44d0362e0e089caa409,True,True,2513.68,12.0,0.00089,9.429829225218884e-05,12,True
logical_guided_greedy_absolute_score_gamma01_slack1_C3_run4.hdf5,optimization/results/logical_guided_absolute_score_gamma01_slack1_repeated_runs/greedy/logical_guided_greedy_absolute_score_gamma01_slack1_C3_run4.hdf5,"/[2025,81]/logical_guided_score_S50_T300_p0.03_bw1_gamma0.1_maxw18_comb10_weightslack1_window2_scoretop0.1_min3_max10_100000prec_20260613_151653",greedy,3,4,"[[2025,81]]",456,12,5000000,5000000,4402,0.0008804,1.3263672732429838e-05,5335.923068284988,complete,False,distance_then_ler,6b11719376448fa5ad1c68a75cbf60c89ee4562c69732ecf523dad1f120124e9,True,True,2451.82,12.0,0.0007,8.363713261285036e-05,12,True
logical_guided_greedy_absolute_score_gamma01_slack1_C3_run5.hdf5,optimization/results/logical_guided_absolute_score_gamma01_slack1_repeated_runs/greedy/logical_guided_greedy_absolute_score_gamma01_slack1_C3_run5.hdf5,"/[2025,81]/logical_guided_score_S50_T300_p0.03_bw1_gamma0.1_maxw18_comb10_weightslack1_window2_scoretop0.1_min3_max10_100000prec_20260613_155747",greedy,3,5,"[[2025,81]]",856,12,5000000,5000000,4295,0.000859,1.3101620439109493e-05,6072.884730577469,complete,False,distance_then_ler,bc0309c819a0e3e20cd64c0ed8e117bbffcfb30c1becbd2ef90ed8e682415d49,True,True,2049.77,12.0,0.00068,8.243448279961209e-05,12,True
logical_guided_greedy_absolute_score_gamma01_slack1_C3_run6.hdf5,optimization/results/logical_guided_absolute_score_gamma01_slack1_repeated_runs/greedy/logical_guided_greedy_absolute_score_gamma01_slack1_C3_run6.hdf5,"/[2025,81]/logical_guided_score_S50_T300_p0.03_bw1_gamma0.1_maxw18_comb10_weightslack1_window2_scoretop0.1_min3_max10_100000prec_20260613_163158",greedy,3,6,"[[2025,81]]",831,12,5000000,5000000,4860,0.000972,1.3935963620870155e-05,6290.194240808487,complete,False,distance_then_ler,dd3b9c970a4750ed9de807c8c2de3d3c173f3ffe16b40fde6ce7c8cb39425714,True,True,1305.56,12.0,0.00088,9.37674992918081e-05,12,True
logical_guided_greedy_absolute_score_gamma01_slack1_C3_run7.hdf5,optimization/results/logical_guided_absolute_score_gamma01_slack1_repeated_runs/greedy/logical_guided_greedy_absolute_score_gamma01_slack1_C3_run7.hdf5,"/[2025,81]/logical_guided_score_S50_T300_p0.03_bw1_gamma0.1_maxw18_comb10_weightslack1_window2_scoretop0.1_min3_max10_100000prec_20260613_165345",greedy,3,7,"[[2025,81]]",858,12,5000000,5000000,5101,0.0010202,1.4276970237356935e-05,6537.218018293381,complete,False,distance_then_ler,d9eae6506f81cb47e23c58c09a5203090838ea6d622e2ba99cfa22a9701d9d8e,True,True,1537.14,12.0,0.00088,9.376749929180809e-05,12,True
logical_guided_greedy_absolute_score_gamma01_slack1_C3_run8.hdf5,optimization/results/logical_guided_absolute_score_gamma01_slack1_repeated_runs/greedy/logical_guided_greedy_absolute_score_gamma01_slack1_C3_run8.hdf5,"/[2025,81]/logical_guided_score_S50_T300_p0.03_bw1_gamma0.1_maxw18_comb10_weightslack1_window2_scoretop0.1_min3_max10_100000prec_20260613_171924",greedy,3,8,"[[2025,81]]",800,12,5000000,5000000,4540,0.000908,1.3469786319278738e-05,6680.053507328033,complete,False,distance_then_ler,b9783ffe7b2405c883358f8b5c8acb6a3c76553d15931935ae8143c8b3e29588,True,True,1290.91,12.0,0.00085,9.215671396376547e-05,12,True
logical_guided_greedy_absolute_score_gamma01_slack1_C3_run9.hdf5,optimization/results/logical_guided_absolute_score_gamma01_slack1_repeated_runs/greedy/logical_guided_greedy_absolute_score_gamma01_slack1_C3_run9.hdf5,"/[2025,81]/logical_guided_score_S50_T300_p0.03_bw1_gamma0.1_maxw18_comb10_weightslack1_window2_scoretop0.1_min3_max10_100000prec_20260613_174057",greedy,3,9,"[[2025,81]]",1023,12,5000000,5000000,5578,0.0011156,1.492886907646478e-05,10493.769143342972,complete,False,distance_then_ler,fdc3790204a654a8385372b928a3fc693e42cb7a4b499243da6ac40682154222,True,True,1740.14,12.0,0.00099,9.944997688777525e-05,12,True
logical_guided_greedy_absolute_score_gamma01_slack1_C3_run10.hdf5,optimization/results/logical_guided_absolute_score_gamma01_slack1_repeated_runs/greedy/logical_guided_greedy_absolute_score_gamma01_slack1_C3_run10.hdf5,"/[2025,81]/logical_guided_score_S50_T300_p0.03_bw1_gamma0.1_maxw18_comb10_weightslack1_window2_scoretop0.1_min3_max10_100000prec_20260615_151918",greedy,3,10,"[[2025,81]]",991,12,5000000,5000000,4991,0.0009982,1.412234963595477e-05,5731.867759227753,complete,False,distance_then_ler,9d56e99b6a259695ad7fbc6083f88861bfa7a1a28c7a74941f0ed3c99d9363df,True,True,1701.64,12.0,0.00078,8.828359949582596e-05,12,True
logical_guided_beam_absolute_score_gamma01_slack1_C3_run1.hdf5,optimization/results/logical_guided_absolute_score_gamma01_slack1_repeated_runs/beam/logical_guided_beam_absolute_score_gamma01_slack1_C3_run1.hdf5,"/[2025,81]/logical_guided_score_S50_T300_p0.03_bw5_gamma0.1_maxw18_comb10_weightslack1_window2_scoretop0.1_min3_max10_100000prec_20260613_133941",beam,3,1,"[[2025,81]]",2823,12,5000000,5000000,5172,0.0010344,1.4375884134939628e-05,7917.984582901001,complete,False,distance_then_ler,2ccad8f22a43f6b183a3390d1755d3ccedee8fbe2241447aef6e26201897c00a,True,True,7714.63,12.0,0.00092,9.58729780296782e-05,12,True
logical_guided_beam_absolute_score_gamma01_slack1_C3_run2.hdf5,optimization/results/logical_guided_absolute_score_gamma01_slack1_repeated_runs/beam/logical_guided_beam_absolute_score_gamma01_slack1_C3_run2.hdf5,"/[2025,81]/logical_guided_score_S50_T300_p0.03_bw5_gamma0.1_maxw18_comb10_weightslack1_window2_scoretop0.1_min3_max10_100000prec_20260613_154818",beam,3,2,"[[2025,81]]",3845,12,5000000,5000000,4633,0.0009266,1.3606921750258724e-05,5918.382618665695,complete,False,distance_then_ler,a4045475df41f2f0e1f5c61d5fafacb585a8e1ad72bf6c15d99e389d855bc9f5,True,True,7175.11,12.0,0.00077,8.77162923377374e-05,12,True
logical_guided_beam_absolute_score_gamma01_slack1_C3_run3.hdf5,optimization/results/logical_guided_absolute_score_gamma01_slack1_repeated_runs/beam/logical_guided_beam_absolute_score_gamma01_slack1_C3_run3.hdf5,"/[2025,81]/logical_guided_score_S50_T300_p0.03_bw5_gamma0.1_maxw18_comb10_weightslack1_window2_scoretop0.1_min3_max10_100000prec_20260613_174756",beam,3,3,"[[2025,81]]",3011,12,5000000,5000000,4310,0.000862,1.3124459061244586e-05,5768.768570899963,complete,False,distance_then_ler,a6fd3a4fc202d026b81bd05d0395dbf892e8de346a29157b7c6dd717d2bd31d1,True,True,5912.0,12.0,0.00086,9.269676330325277e-05,12,True
logical_guided_beam_absolute_score_gamma01_slack1_C3_run4.hdf5,optimization/results/logical_guided_absolute_score_gamma01_slack1_repeated_runs/beam/logical_guided_beam_absolute_score_gamma01_slack1_C3_run4.hdf5,"/[2025,81]/logical_guided_score_S50_T300_p0.03_bw5_gamma0.1_maxw18_comb10_weightslack1_window2_scoretop0.1_min3_max10_100000prec_20260613_192631",beam,3,4,"[[2025,81]]",1662,12,5000000,5000000,4962,0.0009924,1.4081302074190922e-05,8303.507945299149,complete,False,distance_then_ler,f51d419d78e8317efab39e661244bbf0d8b4f0b2df3a3ea8325685b693669bb5,True,True,4502.07,12.0,0.00093,9.639213616493383e-05,12,True
logical_guided_beam_absolute_score_gamma01_slack1_C3_run5.hdf5,optimization/results/logical_guided_absolute_score_gamma01_slack1_repeated_runs/beam/logical_guided_beam_absolute_score_gamma01_slack1_C3_run5.hdf5,"/[2025,81]/logical_guided_score_S50_T300_p0.03_bw5_gamma0.1_maxw18_comb10_weightslack1_window2_scoretop0.1_min3_max10_100000prec_20260613_204135",beam,3,5,"[[2025,81]]",2094,12,5000000,5000000,4830,0.000966,1.3892926524051061e-05,9836.303951978683,complete,False,distance_then_ler,e8ee4d566759f07e41de4818056c03d80f7ad4e154998454596b86ea87a7dd03,True,True,4171.84,12.0,0.00087,9.323367377283408e-05,12,True
logical_guided_beam_absolute_score_gamma01_slack1_C3_run6.hdf5,optimization/results/logical_guided_absolute_score_gamma01_slack1_repeated_runs/beam/logical_guided_beam_absolute_score_gamma01_slack1_C3_run6.hdf5,"/[2025,81]/logical_guided_score_S50_T300_p0.03_bw5_gamma0.1_maxw18_comb10_weightslack1_window2_scoretop0.1_min3_max10_100000prec_20260613_215109",beam,3,6,"[[2025,81]]",3720,12,5000000,5000000,4880,0.000976,1.396458104641542e-05,7160.367689609528,complete,False,distance_then_ler,d6792dd00a8b23208b1e30b9e39a8f7aced96fdd3af32c22674e10b9de3d13b2,True,True,4676.31,12.0,0.0008,8.940738189209751e-05,12,True
logical_guided_beam_absolute_score_gamma01_slack1_C3_run7.hdf5,optimization/results/logical_guided_absolute_score_gamma01_slack1_repeated_runs/beam/logical_guided_beam_absolute_score_gamma01_slack1_C3_run7.hdf5,"/[2025,81]/logical_guided_score_S50_T300_p0.03_bw5_gamma0.1_maxw18_comb10_weightslack1_window2_scoretop0.1_min3_max10_100000prec_20260613_230907",beam,3,7,"[[2025,81]]",3422,12,5000000,5000000,5122,0.0010244,1.4306297978933349e-05,10510.849876642227,complete,False,distance_then_ler,11760dd110541df5c2e3395d13391ad51954ef8c5b6f6fa3f75ea74334da1ead,True,True,4410.77,12.0,0.0008,8.94073818920975e-05,12,True
logical_guided_beam_absolute_score_gamma01_slack1_C3_run8.hdf5,optimization/results/logical_guided_absolute_score_gamma01_slack1_repeated_runs/beam/logical_guided_beam_absolute_score_gamma01_slack1_C3_run8.hdf5,"/[2025,81]/logical_guided_score_S50_T300_p0.03_bw5_gamma0.1_maxw18_comb10_weightslack1_window2_scoretop0.1_min3_max10_100000prec_20260614_002241",beam,3,8,"[[2025,81]]",2456,12,5000000,5000000,4681,0.0009362,1.3677161376723924e-05,7721.8535442352295,complete,False,distance_then_ler,2884e1225ccefb22be113faad22461d013514fdc87213534ba3794a06b11a560,True,True,3769.52,12.0,0.00088,9.37674992918081e-05,12,True
logical_guided_beam_absolute_score_gamma01_slack1_C3_run9.hdf5,optimization/results/logical_guided_absolute_score_gamma01_slack1_repeated_runs/beam/logical_guided_beam_absolute_score_gamma01_slack1_C3_run9.hdf5,"/[2025,81]/logical_guided_score_S50_T300_p0.03_bw5_gamma0.1_maxw18_comb10_weightslack1_window2_scoretop0.1_min3_max10_100000prec_20260614_012532",beam,3,9,"[[2025,81]]",1732,12,5000000,5000000,4248,0.0008496,1.3029799304791073e-05,12139.963693857193,complete,False,distance_then_ler,7f64b7a0687a3454e55ce1c7ad9132dfd48adf704a41226fde63726584366e64,True,True,3613.98,12.0,0.00078,8.828359949582596e-05,12,True
logical_guided_beam_absolute_score_gamma01_slack1_C3_run10.hdf5,optimization/results/logical_guided_absolute_score_gamma01_slack1_repeated_runs/beam/logical_guided_beam_absolute_score_gamma01_slack1_C3_run10.hdf5,"/[2025,81]/logical_guided_score_S50_T300_p0.03_bw5_gamma0.1_maxw18_comb10_weightslack1_window2_scoretop0.1_min3_max10_100000prec_20260615_144012",beam,3,10,"[[2025,81]]",4474,12,5000000,5000000,4345,0.000869,1.3177594717162934e-05,5239.9876391887665,complete,False,distance_then_ler,a66fac7e7eb347af9c035197b83d46dcb53a7300eb84c95a25099fd591619717,True,True,5608.24,12.0,0.00078,8.828359949582596e-05,12,True
